"Inicio","node/674","-50","0"
"Objetivos","node/679","-49","0"
"Misión, Visión y Política de Trabajo","node/680","-48","0"
"Catálogo de Servicios","node/676","-46","0"
"Documentación de Procedimientos de CTA","node/677","-44","0"
"Infraestructura Tecnologica","http://www.cuaad.udg.mx/?q=infraestructura-tecnologica-cuaad","-42","0"
"Reglamento de uso de los Laboratorios de Cómputo ","node/1811","-43","0"
"Correo Electronico Institucional","node/2619","-45","0"
"Estructura","node/675","-47","0"
"Unidad de Computo y Telecomunicaciones (UCTA)","node/2213","-50","4398"
"Unidad de Multimedia Instruccional","node/2214","-49","4398"
